class,contributions,lean_status,lean_theorems,notes
S01,T1 (general n),done,"det_gram; posdef_iff; quadForm_gram; posSemidef_gram; exists_system; exists_isometry_of_ipGram_eq; rhombus_unique","Determinant, exact positivity range, existence of unit vectors in R^(n+1) with the stated Gram matrix, and uniqueness: any two families with the same Gram matrix differ by a linear isometry of R^(n+1)."
S02,T2 and T3 (general n),done,"vol2_le_one; vol2_eq_one_iff; deriv_vol2_eq_zero_iff; hasDerivAt_vol2; det_gram; volume_sq_eq_det; volume_sq_rhombus; volume_rhombus_le_one","Squared volume statements, and the Euclidean link: the Lebesgue measure of the parallelotope squares to the Gram determinant (volume_sq_eq_det), so vol2 n c is the squared Euclidean volume."
S03,T4 (general n),done,"log_vol2_expansion; log_vol2_isBigO","Cubic Taylor polynomial of log vol2 at c = 0 with explicit error bound (2n + 2n^4) c^4 for |c| <= 1/(2(n+1)), and the O(c^4) corollary."
S04,T5 (general n),done,"rank_gram_of_det_ne; rank_interior; rank_upper; rank_lower; principal_gram; finrank_span_eq_rank_ipGram; span_dim_interior; span_dim_upper; span_dim_lower","Dimension of the span of the edge vectors: n+1 in the interior, 1 at c = 1, n at c = -1/n, via rank of family = rank of Gram matrix."
S05,T6 (general n),done,"facet_gram; vertex_lemma; cornerSet_eq_iff; cornerSet_two_neg; extremePoints_parallelepiped; edge_to_signed_edge; congruent_rhombi_param_eq; congruent_two_neg","Facets are lower dimensional members of the family. Geometric rigidity: if an isometry of R^(m+3) carries the rhombus with parameter c onto the rhombus with parameter s then c = s (via: extreme points of a parallelotope are its vertices; an isometry sends edges to signed edges). In dimension 2, R_2(c) and R_2(-c) are congruent by a translation (congruent_two_neg)."
S06,T7 (general n),done,"tendsto_vol2","Dimension d = n + 1 and c = a / d, so vol2 n (a / (n + 1)) tends to (1 + a) exp(-a)."
S07,T8 (n >= 3),done (fibre count),"vol2_two_fibres; vol2_strictMonoOn; vol2_strictAntiOn","Exactly one solution on each side of c = 0. The non-congruence consequence is congruent_rhombi_param_eq (see S05)."
S08,T8 (n = 2),done,"vol2_two_fibres; ipGram_flip2; parallelepiped_flip2; flipGram_two; flipGram_not_member","Flipping one edge sends c to -c and maps the parallelogram to a translate of itself (congruence). flipGram_not_member shows the same flip leaves the family for d >= 3 when c is nonzero."
S09,T1 (infinite),done,"sysVec_isSystem; gram_form_unbounded; gramCol_not_mem_l2; no_gram_operator; gram_operator_zero","Unit vectors in l2 with common inner product c exist for 0 <= c <= 1. For c != 0 no column of the infinite Gram matrix is square summable, so no operator on l2 has that matrix; for c = 0 the matrix is the identity. The finite-section unboundedness is also proved."
S10,T2 and T3 (infinite),done,"tendsto_vol2_zero; limit_volume_eq_one","Limiting volume is 0 for 0 < c < 1 and 1 at c = 0, so the cube is the unique maximizer of the limiting volume."
S11,T4 (infinite),done,"quadratic_coeff_diverges","The quadratic coefficient -n(n+1)/2 of the log volume (see log_vol2_expansion) tends to -infinity."
S12,T5 (infinite),done,"system_linearIndependent; system_not_finite_dim","For 0 <= c < 1 every infinite system is linearly independent and lies in no finite dimensional subspace."
S13,T6 (infinite),done,"congruent_rhombi_param_eq; cornerSet_eq_iff; flipGram_not_member","The geometric rigidity theorem is stated for every dimension m+3 >= 3, hence for every finite section of order at least 3."
S14,T8 (infinite),done,"limit_volume_not_injective","Two distinct parameters in (0,1) have the same limiting volume 0."
